,IMAGE_NAME,ID,X0,Y0,X1,Y1,XC,YC,AREA,AR,ANGLE
0,stentor_test,0,61,139,97,184,78.5,161.0,1200,1.2571428571428571,-0.0
1,stentor_test,1,247,119,275,159,260.5,138.5,796,1.4444444444444444,-0.0
2,stentor_test,2,136,100,179,165,158.50001525878906,134.00001525878906,2018,1.4812028738552836,-71.56504821777344
3,black_mountain,0,245,123,320,140,281.9205627441406,130.24520874023438,427,6.119149456786569,-6.009006023406982
4,black_mountain,1,0,79,320,176,159.5,127.0,17116,3.3229166666666665,-90.0
